Workbook

Sheet Summary
A1: Binance Spot Universe Exploration
A3: Coverage: all Binance spot symbols quoted in USD or USDT. Values represent an exploratory snapshot, not a final asset-selection rule.
A5: Ticker snapshot (UTC) | B5: 46237.012
A7: Metric | B7: Value | D7: Quote Asset | E7: Pairs | F7: Trading | G7: Current Liquidity
A8: Total pairs | B8: =COUNTA('Market Universe'!$A$6:$A$694) -> 689 | D8: USD | E8: =COUNTIF('Market Universe'!$C$6:$C$694,D8) -> 7 | F8: =COUNTIFS('Market Universe'!$C$6:$C$694,D8,'Market Universe'!$D$6:$D$694,"TRADING") -> 7 | G8: =COUNTIFS('Market Universe'!$C$6:$C$694,D8,'Market Universe'!$Z$6:$Z$694,"Yes") -> 7
A9: Trading pairs | B9: =COUNTIF('Market Universe'!$D$6:$D$694,"TRADING") -> 486 | D9: USDT | E9: =COUNTIF('Market Universe'!$C$6:$C$694,D9) -> 682 | F9: =COUNTIFS('Market Universe'!$C$6:$C$694,D9,'Market Universe'!$D$6:$D$694,"TRADING") -> 479 | G9: =COUNTIFS('Market Universe'!$C$6:$C$694,D9,'Market Universe'!$Z$6:$Z$694,"Yes") -> 479
A10: Break pairs | B10: =COUNTIF('Market Universe'!$D$6:$D$694,"BREAK") -> 203 | D10: Total | E10: =SUM(E8:E9) -> 689 | F10: =SUM(F8:F9) -> 486 | G10: =SUM(G8:G9) -> 486
A11: USD pairs | B11: =COUNTIF('Market Universe'!$C$6:$C$694,"USD") -> 7
A12: USDT pairs | B12: =COUNTIF('Market Universe'!$C$6:$C$694,"USDT") -> 682
A13: Pairs with current liquidity data | B13: =COUNTIF('Market Universe'!$Z$6:$Z$694,"Yes") -> 486
A14: Earliest daily candle (UTC) | B14: =MIN('Market Universe'!$F$6:$F$694) -> 42964
A17: How to use this workbook
A18: 1. Filter the Market Universe sheet by Status and Quote Asset.
A19: 2. Compare 24h Quote Volume, 24h Trades, and Midpoint Spread as current liquidity indicators.
A20: 3. Use Earliest Daily Open to identify the available history for each pair.
A21: 4. Define and approve eligibility thresholds before creating a research configuration.

Sheet Market Universe
A1: Binance Spot Market Universe: USD and USDT Quote Assets
A2: Exploratory snapshot. The workbook includes active and historical spot symbols; no final research eligibility rule has been applied.
A3: Ticker snapshot (UTC) | B3: 46237.012 | C3: Rows | D3: 689
A5: Symbol | B5: Base Asset | C5: Quote Asset | D5: Status | E5: Spot Trading Allowed | F5: Earliest Daily Open (UTC) | G5: Earliest Daily Close (UTC) | H5: History (Years) | I5: Last Price (Quote Asset) | J5: 24h Change | K5: 24h Base Volume | L5: 24h Quote Volume | M5: 24h Trades | N5: Best Bid | O5: Best Ask | P5: Midpoint Spread | Q5: Weighted Average Price | R5: 24h High | S5: 24h Low | T5: Ticker Window Start (UTC) | U5: Ticker Snapshot (UTC) | V5: Minimum Notional | W5: Minimum Quantity | X5: Quantity Step Size | Y5: Price Tick Size | Z5: Current Liquidity Available | AA5: Source URL
A6: BTCUSDT | B6: BTC | C6: USDT | D6: TRADING | E6: TRUE | F6: 42964 | G6: 42965 | H6: =IF(F6="","",(Summary!$B$5-F6)/365.25) -> 8.9610198 | I6: 63436.95 | J6: 0.00806 | K6: 8370.5097 | L6: 5.3026147e+08 | M6: 1302160 | N6: 63436.95 | O6: 63436.96 | P6: =IF(OR(N6="",O6="",N6=0,O6=0),"",(O6-N6)/((O6+N6)/2)) -> 1.5763682e-07 | Q6: 63348.767 | R6: 63796.33 | S6: 62806.58 | T6: 46236.012 | U6: 46237.012 | V6: 5 | W6: 1e-05 | X6: 1e-05 | Y6: 0.01 | Z6: =IF(AND(D6="TRADING",I6<>"",L6<>"",M6<>"",N6<>"",O6<>""),"Yes","No") -> Yes | AA6: https://developers.binance.com/en/docs/catalog/core-trading-spot-trading/api/rest-api
A7: ETHUSDT | B7: ETH | C7: USDT | D7: TRADING | E7: TRUE | F7: 42964 | G7: 42965 | H7: =IF(F7="","",(Summary!$B$5-F7)/365.25) -> 8.9610198 | I7: 1880.05 | J7: 0.01724 | K7: 123976.66 | L7: 2.3222646e+08 | M7: 1139443 | N7: 1880.06 | O7: 1880.07 | P7: =IF(OR(N7="",O7="",N7=0,O7=0),"",(O7-N7)/((O7+N7)/2)) -> 5.318965e-06 | Q7: 1873.1466 | R7: 1898.5 | S7: 1843.67 | T7: 46236.012 | U7: 46237.012 | V7: 5 | W7: 0.0001 | X7: 0.0001 | Y7: 0.01 | Z7: =IF(AND(D7="TRADING",I7<>"",L7<>"",M7<>"",N7<>"",O7<>""),"Yes","No") -> Yes | AA7: https://developers.binance.com/en/docs/catalog/core-trading-spot-trading/api/rest-api
A8: BNBUSDT | B8: BNB | C8: USDT | D8: TRADING | E8: TRUE | F8: 43045 | G8: 43046 | H8: =IF(F8="","",(Summary!$B$5-F8)/365.25) -> 8.7392539 | I8: 586.35 | J8: 0.01717 | K8: 77383.668 | L8: 45227047 | M8: 422519 | N8: 586.34 | O8: 586.35 | P8: =IF(OR(N8="",O8="",N8=0,O8=0),"",(O8-N8)/((O8+N8)/2)) -> 1.7054806e-05 | Q8: 584.4521 | R8: 590.99 | S8: 574.03 | T8: 46236.012 | U8: 46237.012 | V8: 5 | W8: 0.001 | X8: 0.001 | Y8: 0.01 | Z8: =IF(AND(D8="TRADING",I8<>"",L8<>"",M8<>"",N8<>"",O8<>""),"Yes","No") -> Yes | AA8: https://developers.binance.com/en/docs/catalog/core-trading-spot-trading/api/rest-api
A9: BCCUSDT | B9: BCC | C9: USDT | D9: BREAK | E9: TRUE | F9: 43050 | G9: 43051 | H9: =IF(F9="","",(Summary!$B$5-F9)/365.25) -> 8.7255647 | I9: 0 | J9: 0 | K9: 0 | L9: 0 | M9: 0 | N9: 0 | O9: 0 | P9: =IF(OR(N9="",O9="",N9=0,O9=0),"",(O9-N9)/((O9+N9)/2)) | Q9: 0 | R9: 0 | S9: 0 | T9: 46209.261 | U9: 46210.261 | V9: 10 | W9: 1e-05 | X9: 1e-05 | Y9: 0.01 | Z9: =IF(AND(D9="TRADING",I9<>"",L9<>"",M9<>"",N9<>"",O9<>""),"Yes","No") -> No | AA9: https://developers.binance.com/en/docs/catalog/core-trading-spot-trading/api/rest-api
A10: NEOUSDT | B10: NEO | C10: USDT | D10: TRADING | E10: TRUE | F10: 43059 | G10: 43060 | H10: =IF(F10="","",(Summary!$B$5-F10)/365.25) -> 8.700924 | I10: 1.823 | J10: -0.00164 | K10: 61873.74 | L10: 113009.6 | M10: 1377 | N10: 1.823 | O10: 1.824 | P10: =IF(OR(N10="",O10="",N10=0,O10=0),"",(O10-N10)/((O10+N10)/2)) -> 0.00054839594 | Q10: 1.8264549 | R10: 1.843 | S10: 1.814 | T10: 46236.012 | U10: 46237.012 | V10: 5 | W10: 0.01 | X10: 0.01 | Y10: 0.001 | Z10: =IF(AND(D10="TRADING",I10<>"",L10<>"",M10<>"",N10<>"",O10<>""),"Yes","No") -> Yes | AA10: https://developers.binance.com/en/docs/catalog/core-trading-spot-trading/api/rest-api
A11: LTCUSDT | B11: LTC | C11: USDT | D11: TRADING | E11: TRUE | F11: 43082 | G11: 43083 | H11: =IF(F11="","",(Summary!$B$5-F11)/365.25) -> 8.6379534 | I11: 44.69 | J11: 0.01086 | K11: 120946.02 | L11: 5408351.5 | M11: 65716 | N11: 44.69 | O11: 44.7 | P11: =IF(OR(N11="",O11="",N11=0,O11=0),"",(O11-N11)/((O11+N11)/2)) -> 0.00022373867 | Q11: 44.717069 | R11: 45.05 | S11: 44.12 | T11: 46236.012 | U11: 46237.012 | V11: 5 | W11: 0.001 | X11: 0.001 | Y11: 0.01 | Z11: =IF(AND(D11="TRADING",I11<>"",L11<>"",M11<>"",N11<>"",O11<>""),"Yes","No") -> Yes | AA11: https://developers.binance.com/en/docs/catalog/core-trading-spot-trading/api/rest-api
A12: QTUMUSDT | B12: QTUM | C12: USDT | D12: TRADING | E12: TRUE | F12: 43178 | G12: 43179 | H12: =IF(F12="","",(Summary!$B$5-F12)/365.25) -> 8.3751198 | I12: 0.649 | J12: 0.00309 | K12: 75399.3 | L12: 48935.061 | M12: 874 | N12: 0.649 | O12: 0.65 | P12: =IF(OR(N12="",O12="",N12=0,O12=0),"",(O12-N12)/((O12+N12)/2)) -> 0.0015396459 | Q12: 0.64901213 | R12: 0.654 | S12: 0.645 | T12: 46236.012 | U12: 46237.012 | V12: 5 | W12: 0.1 | X12: 0.1 | Y12: 0.001 | Z12: =IF(AND(D12="TRADING",I12<>"",L12<>"",M12<>"",N12<>"",O12<>""),"Yes","No") -> Yes | AA12: https://developers.binance.com/en/docs/catalog/core-trading-spot-trading/api/rest-api
A13: ADAUSDT | B13: ADA | C13: USDT | D13: TRADING | E13: TRUE | F13: 43207 | G13: 43208 | H13: =IF(F13="","",(Summary!$B$5-F13)/365.25) -> 8.2957221 | I13: 0.1889 | J13: 0.08501 | K13: 2.438881e+08 | L13: 45376349 | M13: 189956 | N13: 0.1889 | O13: 0.189 | P13: =IF(OR(N13="",O13="",N13=0,O13=0),"",(O13-N13)/((O13+N13)/2)) -> 0.00052924054 | Q13: 0.18605397 | R13: 0.1922 | S13: 0.1728 | T13: 46236.012 | U13: 46237.012 | V13: 5 | W13: 0.1 | X13: 0.1 | Y13: 0.0001 | Z13: =IF(AND(D13="TRADING",I13<>"",L13<>"",M13<>"",N13<>"",O13<>""),"Yes","No") -> Yes | AA13: https://developers.binance.com/en/docs/catalog/core-trading-spot-trading/api/rest-api
A14: XRPUSDT | B14: XRP | C14: USDT | D14: TRADING | E14: TRUE | F14: 43224 | G14: 43225 | H14: =IF(F14="","",(Summary!$B$5-F14)/365.25) -> 8.2491786 | I14: 1.0844 | J14: 0.02052 | K14: 33785021 | L14: 36501253 | M14: 196164 | N14: 1.0844 | O14: 1.0845 | P14: =IF(OR(N14="",O14="",N14=0,O14=0),"",(O14-N14)/((O14+N14)/2)) -> 9.2212642e-05 | Q14: 1.0803975 | R14: 1.0933 | S14: 1.0609 | T14: 46236.012 | U14: 46237.012 | V14: 5 | W14: 0.1 | X14: 0.1 | Y14: 0.0001 | Z14: =IF(AND(D14="TRADING",I14<>"",L14<>"",M14<>"",N14<>"",O14<>""),"Yes","No") -> Yes | AA14: https://developers.binance.com/en/docs/catalog/core-trading-spot-trading/api/rest-api
A15: EOSUSDT | B15: EOS | C15: USDT | D15: BREAK | E15: TRUE | F15: 43248 | G15: 43249 | H15: =IF(F15="","",(Summary!$B$5-F15)/365.25) -> 8.1834702 | I15: 0.7799 | J15: -0.00662 | K15: 1180284.8 | L15: 924391.64 | M15: 4001 | N15: 0 | O15: 0 | P15: =IF(OR(N15="",O15="",N15=0,O15=0),"",(O15-N15)/((O15+N15)/2)) | Q15: 0.78319372 | R15: 0.7996 | S15: 0.768 | T15: 46209.261 | U15: 46210.261 | V15: 5 | W15: 0.1 | X15: 0.1 | Y15: 0.0001 | Z15: =IF(AND(D15="TRADING",I15<>"",L15<>"",M15<>"",N15<>"",O15<>""),"Yes","No") -> No | AA15: https://developers.binance.com/en/docs/catalog/core-trading-spot-trading/api/rest-api
A16: IOTAUSDT | B16: IOTA | C16: USDT | D16: TRADING | E16: TRUE | F16: 43251 | G16: 43252 | H16: =IF(F16="","",(Summary!$B$5-F16)/365.25) -> 8.1752566 | I16: 0.0339 | J16: 0.04308 | K16: 5655464 | L16: 187059.49 | M16: 2642 | N16: 0.0338 | O16: 0.0339 | P16: =IF(OR(N16="",O16="",N16=0,O16=0),"",(O16-N16)/((O16+N16)/2)) -> 0.0029542097 | Q16: 0.03307589 | R16: 0.0341 | S16: 0.0324 | T16: 46236.012 | U16: 46237.012 | V16: 5 | W16: 1 | X16: 1 | Y16: 0.0001 | Z16: =IF(AND(D16="TRADING",I16<>"",L16<>"",M16<>"",N16<>"",O16<>""),"Yes","No") -> Yes | AA16: https://developers.binance.com/en/docs/catalog/core-trading-spot-trading/api/rest-api
A17: TUSDUSDT | B17: TUSD | C17: USDT | D17: TRADING | E17: TRUE | F17: 43251 | G17: 43252 | H17: =IF(F17="","",(Summary!$B$5-F17)/365.25) -> 8.1752566 | I17: 0.9964 | J17: 0.0004 | K17: 21119 | L17: 21042.08 | M17: 715 | N17: 0.9964 | O17: 0.9965 | P17: =IF(OR(N17="",O17="",N17=0,O17=0),"",(O17-N17)/((O17+N17)/2)) -> 0.00010035626 | Q17: 0.99635778 | R17: 0.9967 | S17: 0.996 | T17: 46236.011 | U17: 46237.011 | V17: 5 | W17: 1 | X17: 1 | Y17: 0.0001 | Z17: =IF(AND(D17="TRADING",I17<>"",L17<>"",M17<>"",N17<>"",O17<>""),"Yes","No") -> Yes | AA17: https://developers.binance.com/en/docs/catalog/core-trading-spot-trading/api/rest-api
... A694: UUSD | B694: U | C694: USD | D694: TRADING | E694: TRUE | F694: 46233 | G694: 46234 | H694: =IF(F694="","",(Summary!$B$5-F694)/365.25) -> 0.010985603 | I694: 1.00047 | J694: 0.001 | K694: 395 | L694: 394.91821 | M694: 4 | N694: 0.99953 | O694: 1.00024 | P694: =IF(OR(N694="",O694="",N694=0,O694=0),"",(O694-N694)/((O694+N694)/2)) -> 0.00071008166 | Q694: 0.99979294 | R694: 1.00047 | S694: 0.999 | T694: 46236.011 | U694: 46237.011 | V694: 5 | W694: 1 | X694: 1 | Y694: 1e-05 | Z694: =IF(AND(D694="TRADING",I694<>"",L694<>"",M694<>"",N694<>"",O694<>""),"Yes","No") -> Yes | AA694: https://developers.binance.com/en/docs/catalog/core-trading-spot-trading/api/rest-api

Sheet Methodology & Sources
A1: Methodology, Definitions, and Sources
A3: Item | B3: Definition | C3: Research implication
A4: Scope | B4: Symbols returned by Binance Spot exchange information with quote asset USD or USDT. | C4: This is an exploratory universe, not an approved sample.
A5: Market status | B5: The status reported by Binance at extraction time, including TRADING and BREAK. | C5: Historical or inactive markets remain visible for auditability.
A6: Earliest daily candle | B6: First 1d kline returned with startTime=0, limit=1, and UTC timezone. | C6: The date is specific to the trading pair and daily interval.
A7: 24h quote volume | B7: Rolling 24-hour traded value measured in the quote asset. | C7: USD and USDT values are shown separately and are not asserted to be economically identical.
A8: 24h trades | B8: Number of trades in the rolling ticker window. | C8: A current activity indicator, not a historical liquidity guarantee.
A9: Midpoint spread | B9: (Best Ask - Best Bid) / average of Best Ask and Best Bid. | C9: A point-in-time execution-cost proxy; it can change rapidly.
A10: Ticker snapshot | B10: Close timestamp returned by the 24-hour ticker endpoint. | C10: Inactive markets may retain stale ticker records; only active rows with complete core fields are flagged as current liquidity.
A11: No selection rule | B11: No threshold for history, volume, trades, spread, or status was applied. | C11: Eligibility criteria require explicit methodological approval.
A14: Source ID | B14: Purpose | C14: Endpoint or documentation | D14: Extraction note
A15: BINANCE-EXCHANGE-INFO | B15: Symbol metadata and trading rules | C15: https://api.binance.com/api/v3/exchangeInfo?permissions=SPOT | D15: Public market data queried through the Binance Codex plugin.
A16: BINANCE-TICKER-24H | B16: Liquidity and price indicators | C16: https://api.binance.com/api/v3/ticker/24hr | D16: Rolling 24-hour snapshot for active markets; inactive markets may return stale records.
A17: BINANCE-KLINES | B17: Earliest daily candle | C17: https://api.binance.com/api/v3/klines | D17: One 1d candle requested per symbol from Unix epoch time.
A18: BINANCE-DOCS | B18: Endpoint definitions | C18: https://developers.binance.com/en/docs/catalog/core-trading-spot-trading/api/rest-api | D18: Official Binance Spot REST API documentation.
A21: Metadata | B21: Value
A22: Workbook generated at (UTC) | B22: 46237.026
A23: Binance exchange server time (UTC) | B23: 46237.011
A24: Latest ticker close time (UTC) | B24: 46237.012
A25: Universe row count | B25: 689
